{
  "logreg": {
    "macro_f1": 0.5138098303562395,
    "per_class_f1": {
      "0": 0.29289940828402367,
      "1": 0.7381852551984878,
      "2": 0.5103448275862069
    },
    "confusion_matrix": [
      [
        99,
        65,
        51
      ],
      [
        167,
        781,
        197
      ],
      [
        195,
        125,
        296
      ]
    ]
  },
  "mlp": {
    "macro_f1": 0.28208663142214563,
    "per_class_f1": {
      "0": 0.0,
      "1": 0.735812133072407,
      "2": 0.11044776119402985
    },
    "confusion_matrix": [
      [
        0,
        214,
        1
      ],
      [
        1,
        1128,
        16
      ],
      [
        0,
        579,
        37
      ]
    ]
  },
  "xgb": {
    "macro_f1": 0.5547172289812868,
    "per_class_f1": {
      "0": 0.3048327137546468,
      "1": 0.7658959537572254,
      "2": 0.593423019431988
    },
    "confusion_matrix": [
      [
        82,
        45,
        88
      ],
      [
        113,
        795,
        237
      ],
      [
        128,
        91,
        397
      ]
    ]
  }
}