{
  "logreg": {
    "macro_f1": 0.5220099719184356,
    "per_class_f1": {
      "0": 0.30884557721139433,
      "1": 0.7494123178185237,
      "2": 0.5077720207253886
    },
    "confusion_matrix": [
      [
        103,
        59,
        53
      ],
      [
        153,
        797,
        195
      ],
      [
        196,
        126,
        294
      ]
    ]
  },
  "mlp": {
    "macro_f1": 0.36865905689718,
    "per_class_f1": {
      "0": 0.2482893450635386,
      "1": 0.7402135231316725,
      "2": 0.11747430249632893
    },
    "confusion_matrix": [
      [
        127,
        87,
        1
      ],
      [
        289,
        832,
        24
      ],
      [
        392,
        184,
        40
      ]
    ]
  },
  "xgb": {
    "macro_f1": 0.5512965445784733,
    "per_class_f1": {
      "0": 0.3146067415730337,
      "1": 0.7637757546717777,
      "2": 0.5755071374906086
    },
    "confusion_matrix": [
      [
        84,
        44,
        87
      ],
      [
        103,
        797,
        245
      ],
      [
        132,
        101,
        383
      ]
    ]
  }
}